"ch_version","name","value","changed","description","min","max","readonly","type"
"21.11.4.14","min_compress_block_size","65536",0,"The actual size of the block to compress, if the uncompressed data less than max_compress_block_size is no less than this value and no less than the volume of data for one mark.",\N,\N,0,"UInt64"
"21.11.4.14","max_compress_block_size","1048576",0,"The maximum size of blocks of uncompressed data before compressing for writing to a table.",\N,\N,0,"UInt64"
"21.11.4.14","max_block_size","65505",0,"Maximum block size for reading",\N,\N,0,"UInt64"
"21.11.4.14","max_insert_block_size","1048545",0,"The maximum block size for insertion, if we control the creation of blocks for insertion.",\N,\N,0,"UInt64"
"21.11.4.14","min_insert_block_size_rows","1048545",0,"Squash blocks passed to INSERT query to specified size in rows, if blocks are not big enough.",\N,\N,0,"UInt64"
"21.11.4.14","min_insert_block_size_bytes","268427520",0,"Squash blocks passed to INSERT query to specified size in bytes, if blocks are not big enough.",\N,\N,0,"UInt64"
"21.11.4.14","min_insert_block_size_rows_for_materialized_views","0",0,"Like min_insert_block_size_rows, but applied only during pushing to MATERIALIZED VIEW (default: min_insert_block_size_rows)",\N,\N,0,"UInt64"
"21.11.4.14","min_insert_block_size_bytes_for_materialized_views","0",0,"Like min_insert_block_size_bytes, but applied only during pushing to MATERIALIZED VIEW (default: min_insert_block_size_bytes)",\N,\N,0,"UInt64"
"21.11.4.14","max_joined_block_size_rows","65505",0,"Maximum block size for JOIN result (if join algorithm supports it). 0 means unlimited.",\N,\N,0,"UInt64"
"21.11.4.14","max_insert_threads","0",0,"The maximum number of threads to execute the INSERT SELECT query. Values 0 or 1 means that INSERT SELECT is not run in parallel. Higher values will lead to higher memory usage. Parallel INSERT SELECT has effect only if the SELECT part is run on parallel, see 'max_threads' setting.",\N,\N,0,"UInt64"
"21.11.4.14","max_final_threads","16",0,"The maximum number of threads to read from table with FINAL.",\N,\N,0,"UInt64"
"21.11.4.14","max_threads","'auto(4)'",0,"The maximum number of threads to execute the request. By default, it is determined automatically.",\N,\N,0,"MaxThreads"
"21.11.4.14","max_alter_threads","'auto(4)'",0,"The maximum number of threads to execute the ALTER requests. By default, it is determined automatically.",\N,\N,0,"MaxThreads"
"21.11.4.14","max_read_buffer_size","1048576",0,"The maximum size of the buffer to read from the filesystem.",\N,\N,0,"UInt64"
"21.11.4.14","max_distributed_connections","1024",0,"The maximum number of connections for distributed processing of one query (should be greater than max_threads).",\N,\N,0,"UInt64"
"21.11.4.14","max_query_size","262144",0,"Which part of the query can be read into RAM for parsing (the remaining data for INSERT, if any, is read later)",\N,\N,0,"UInt64"
"21.11.4.14","interactive_delay","100000",0,"The interval in microseconds to check if the request is cancelled, and to send progress info.",\N,\N,0,"UInt64"
"21.11.4.14","connect_timeout","10",0,"Connection timeout if there are no replicas.",\N,\N,0,"Seconds"
"21.11.4.14","connect_timeout_with_failover_ms","50",0,"Connection timeout for selecting first healthy replica.",\N,\N,0,"Milliseconds"
"21.11.4.14","connect_timeout_with_failover_secure_ms","100",0,"Connection timeout for selecting first healthy replica (for secure connections).",\N,\N,0,"Milliseconds"
"21.11.4.14","receive_timeout","300",0,"",\N,\N,0,"Seconds"
"21.11.4.14","send_timeout","300",0,"",\N,\N,0,"Seconds"
"21.11.4.14","drain_timeout","3",0,"",\N,\N,0,"Seconds"
"21.11.4.14","tcp_keep_alive_timeout","290",0,"The time in seconds the connection needs to remain idle before TCP starts sending keepalive probes",\N,\N,0,"Seconds"
"21.11.4.14","hedged_connection_timeout_ms","100",0,"Connection timeout for establishing connection with replica for Hedged requests",\N,\N,0,"Milliseconds"
"21.11.4.14","receive_data_timeout_ms","2000",0,"Connection timeout for receiving first packet of data or packet with positive progress from replica",\N,\N,0,"Milliseconds"
"21.11.4.14","use_hedged_requests","1",0,"Use hedged requests for distributed queries",\N,\N,0,"Bool"
"21.11.4.14","allow_changing_replica_until_first_data_packet","0",0,"Allow HedgedConnections to change replica until receiving first data packet",\N,\N,0,"Bool"
"21.11.4.14","queue_max_wait_ms","0",0,"The wait time in the request queue, if the number of concurrent requests exceeds the maximum.",\N,\N,0,"Milliseconds"
"21.11.4.14","connection_pool_max_wait_ms","0",0,"The wait time when the connection pool is full.",\N,\N,0,"Milliseconds"
"21.11.4.14","replace_running_query_max_wait_ms","5000",0,"The wait time for running query with the same query_id to finish when setting 'replace_running_query' is active.",\N,\N,0,"Milliseconds"
"21.11.4.14","kafka_max_wait_ms","5000",0,"The wait time for reading from Kafka before retry.",\N,\N,0,"Milliseconds"
"21.11.4.14","rabbitmq_max_wait_ms","5000",0,"The wait time for reading from RabbitMQ before retry.",\N,\N,0,"Milliseconds"
"21.11.4.14","poll_interval","10",0,"Block at the query wait loop on the server for the specified number of seconds.",\N,\N,0,"UInt64"
"21.11.4.14","idle_connection_timeout","3600",0,"Close idle TCP connections after specified number of seconds.",\N,\N,0,"UInt64"
"21.11.4.14","distributed_connections_pool_size","1024",0,"Maximum number of connections with one remote server in the pool.",\N,\N,0,"UInt64"
"21.11.4.14","connections_with_failover_max_tries","3",0,"The maximum number of attempts to connect to replicas.",\N,\N,0,"UInt64"
"21.11.4.14","s3_min_upload_part_size","33554432",0,"The minimum size of part to upload during multipart upload to S3.",\N,\N,0,"UInt64"
"21.11.4.14","s3_max_single_part_upload_size","33554432",0,"The maximum size of object to upload using singlepart upload to S3.",\N,\N,0,"UInt64"
"21.11.4.14","s3_max_single_read_retries","4",0,"The maximum number of retries during single S3 read.",\N,\N,0,"UInt64"
"21.11.4.14","s3_max_redirects","10",0,"Max number of S3 redirects hops allowed.",\N,\N,0,"UInt64"
"21.11.4.14","s3_max_connections","1024",0,"The maximum number of connections per server.",\N,\N,0,"UInt64"
"21.11.4.14","hsts_max_age","0",0,"Expired time for hsts. 0 means disable HSTS.",\N,\N,0,"UInt64"
"21.11.4.14","extremes","0",0,"Calculate minimums and maximums of the result columns. They can be output in JSON-formats.",\N,\N,0,"Bool"
"21.11.4.14","use_uncompressed_cache","0",0,"Whether to use the cache of uncompressed blocks.",\N,\N,0,"Bool"
"21.11.4.14","replace_running_query","0",0,"Whether the running request should be canceled with the same id as the new one.",\N,\N,0,"Bool"
"21.11.4.14","background_buffer_flush_schedule_pool_size","16",0,"Number of threads performing background flush for tables with Buffer engine. Only has meaning at server startup.",\N,\N,0,"UInt64"
"21.11.4.14","background_pool_size","16",0,"Number of threads to perform merges and mutations in background. Only has meaning at server startup.",\N,\N,0,"UInt64"
"21.11.4.14","background_merges_mutations_concurrency_ratio","2",0,"Ratio between a number of how many operations could be processed and a number threads to process them. Only has meaning at server startup.",\N,\N,0,"Float"
"21.11.4.14","background_move_pool_size","8",0,"Number of threads performing background moves for tables. Only has meaning at server startup.",\N,\N,0,"UInt64"
"21.11.4.14","background_fetches_pool_size","8",0,"Number of threads performing background fetches for replicated tables. Only has meaning at server startup.",\N,\N,0,"UInt64"
"21.11.4.14","background_common_pool_size","8",0,"Number of threads for some lightweight tasks for replicated tables (like cleaning old parts etc.). Only has meaning at server startup.",\N,\N,0,"UInt64"
"21.11.4.14","background_schedule_pool_size","128",0,"Number of threads performing background tasks for replicated tables, dns cache updates. Only has meaning at server startup.",\N,\N,0,"UInt64"
"21.11.4.14","background_message_broker_schedule_pool_size","16",0,"Number of threads performing background tasks for message streaming. Only has meaning at server startup.",\N,\N,0,"UInt64"
"21.11.4.14","background_distributed_schedule_pool_size","16",0,"Number of threads performing background tasks for distributed sends. Only has meaning at server startup.",\N,\N,0,"UInt64"
"21.11.4.14","max_replicated_fetches_network_bandwidth_for_server","0",0,"The maximum speed of data exchange over the network in bytes per second for replicated fetches. Zero means unlimited. Only has meaning at server startup.",\N,\N,0,"UInt64"
"21.11.4.14","max_replicated_sends_network_bandwidth_for_server","0",0,"The maximum speed of data exchange over the network in bytes per second for replicated sends. Zero means unlimited. Only has meaning at server startup.",\N,\N,0,"UInt64"
"21.11.4.14","distributed_directory_monitor_sleep_time_ms","100",0,"Sleep time for StorageDistributed DirectoryMonitors, in case of any errors delay grows exponentially.",\N,\N,0,"Milliseconds"
"21.11.4.14","distributed_directory_monitor_max_sleep_time_ms","30000",0,"Maximum sleep time for StorageDistributed DirectoryMonitors, it limits exponential growth too.",\N,\N,0,"Milliseconds"
"21.11.4.14","distributed_directory_monitor_batch_inserts","0",0,"Should StorageDistributed DirectoryMonitors try to batch individual inserts into bigger ones.",\N,\N,0,"Bool"
"21.11.4.14","distributed_directory_monitor_split_batch_on_failure","0",0,"Should StorageDistributed DirectoryMonitors try to split batch into smaller in case of failures.",\N,\N,0,"Bool"
"21.11.4.14","optimize_move_to_prewhere","1",0,"Allows disabling WHERE to PREWHERE optimization in SELECT queries from MergeTree.",\N,\N,0,"Bool"
"21.11.4.14","optimize_move_to_prewhere_if_final","0",0,"If query has `FINAL`, the optimization `move_to_prewhere` is not always correct and it is enabled only if both settings `optimize_move_to_prewhere` and `optimize_move_to_prewhere_if_final` are turned on",\N,\N,0,"Bool"
"21.11.4.14","replication_alter_partitions_sync","1",0,"Wait for actions to manipulate the partitions. 0 - do not wait, 1 - wait for execution only of itself, 2 - wait for everyone.",\N,\N,0,"UInt64"
"21.11.4.14","replication_wait_for_inactive_replica_timeout","120",0,"Wait for inactive replica to execute ALTER/OPTIMIZE. Time in seconds, 0 - do not wait, negative - wait for unlimited time.",\N,\N,0,"Int64"
"21.11.4.14","load_balancing","random",1,"Which replicas (among healthy replicas) to preferably send a query to (on the first attempt) for distributed processing.",\N,\N,0,"LoadBalancing"
"21.11.4.14","load_balancing_first_offset","0",0,"Which replica to preferably send a query when FIRST_OR_RANDOM load balancing strategy is used.",\N,\N,0,"UInt64"
"21.11.4.14","totals_mode","after_having_exclusive",0,"How to calculate TOTALS when HAVING is present, as well as when max_rows_to_group_by and group_by_overflow_mode = ‘any’ are present.",\N,\N,0,"TotalsMode"
"21.11.4.14","totals_auto_threshold","0.5",0,"The threshold for totals_mode = 'auto'.",\N,\N,0,"Float"
"21.11.4.14","allow_suspicious_low_cardinality_types","0",0,"In CREATE TABLE statement allows specifying LowCardinality modifier for types of small fixed size (8 or less). Enabling this may increase merge times and memory consumption.",\N,\N,0,"Bool"
"21.11.4.14","compile_expressions","1",0,"Compile some scalar functions and operators to native code.",\N,\N,0,"Bool"
"21.11.4.14","min_count_to_compile_expression","3",0,"The number of identical expressions before they are JIT-compiled",\N,\N,0,"UInt64"
"21.11.4.14","compile_aggregate_expressions","1",0,"Compile aggregate functions to native code.",\N,\N,0,"Bool"
"21.11.4.14","min_count_to_compile_aggregate_expression","3",0,"The number of identical aggregate expressions before they are JIT-compiled",\N,\N,0,"UInt64"
"21.11.4.14","group_by_two_level_threshold","100000",0,"From what number of keys, a two-level aggregation starts. 0 - the threshold is not set.",\N,\N,0,"UInt64"
"21.11.4.14","group_by_two_level_threshold_bytes","50000000",0,"From what size of the aggregation state in bytes, a two-level aggregation begins to be used. 0 - the threshold is not set. Two-level aggregation is used when at least one of the thresholds is triggered.",\N,\N,0,"UInt64"
"21.11.4.14","distributed_aggregation_memory_efficient","1",0,"Is the memory-saving mode of distributed aggregation enabled.",\N,\N,0,"Bool"
"21.11.4.14","aggregation_memory_efficient_merge_threads","0",0,"Number of threads to use for merge intermediate aggregation results in memory efficient mode. When bigger, then more memory is consumed. 0 means - same as 'max_threads'.",\N,\N,0,"UInt64"
"21.11.4.14","enable_positional_arguments","0",0,"Enable positional arguments in ORDER BY, GROUP BY and LIMIT BY",\N,\N,0,"Bool"
"21.11.4.14","max_parallel_replicas","1",0,"The maximum number of replicas of each shard used when the query is executed. For consistency (to get different parts of the same partition), this option only works for the specified sampling key. The lag of the replicas is not controlled.",\N,\N,0,"UInt64"
"21.11.4.14","parallel_replicas_count","0",0,"",\N,\N,0,"UInt64"
"21.11.4.14","parallel_replica_offset","0",0,"",\N,\N,0,"UInt64"
"21.11.4.14","skip_unavailable_shards","0",0,"If true, ClickHouse silently skips unavailable shards and nodes unresolvable through DNS. Shard is marked as unavailable when none of the replicas can be reached.",\N,\N,0,"Bool"
"21.11.4.14","parallel_distributed_insert_select","0",0,"Process distributed INSERT SELECT query in the same cluster on local tables on every shard, if 1 SELECT is executed on each shard, if 2 SELECT and INSERT is executed on each shard",\N,\N,0,"UInt64"
"21.11.4.14","distributed_group_by_no_merge","0",0,"If 1, Do not merge aggregation states from different servers for distributed queries (shards will process query up to the Complete stage, initiator just proxies the data from the shards). If 2 the initiator will apply ORDER BY and LIMIT stages (it is not in case when shard process query up to the Complete stage)",\N,\N,0,"UInt64"
"21.11.4.14","distributed_push_down_limit","1",0,"If 1, LIMIT will be applied on each shard separatelly. Usually you don't need to use it, since this will be done automatically if it is possible, i.e. for simple query SELECT FROM LIMIT.",\N,\N,0,"UInt64"
"21.11.4.14","optimize_distributed_group_by_sharding_key","1",0,"Optimize GROUP BY sharding_key queries (by avoiding costly aggregation on the initiator server).",\N,\N,0,"Bool"
"21.11.4.14","optimize_skip_unused_shards_limit","1000",0,"Limit for number of sharding key values, turns off optimize_skip_unused_shards if the limit is reached",\N,\N,0,"UInt64"
"21.11.4.14","optimize_skip_unused_shards","0",0,"Assumes that data is distributed by sharding_key. Optimization to skip unused shards if SELECT query filters by sharding_key.",\N,\N,0,"Bool"
"21.11.4.14","optimize_skip_unused_shards_rewrite_in","1",0,"Rewrite IN in query for remote shards to exclude values that does not belong to the shard (requires optimize_skip_unused_shards)",\N,\N,0,"Bool"
"21.11.4.14","allow_nondeterministic_optimize_skip_unused_shards","0",0,"Allow non-deterministic functions (includes dictGet) in sharding_key for optimize_skip_unused_shards",\N,\N,0,"Bool"
"21.11.4.14","force_optimize_skip_unused_shards","0",0,"Throw an exception if unused shards cannot be skipped (1 - throw only if the table has the sharding key, 2 - always throw.",\N,\N,0,"UInt64"
"21.11.4.14","optimize_skip_unused_shards_nesting","0",0,"Same as optimize_skip_unused_shards, but accept nesting level until which it will work.",\N,\N,0,"UInt64"
"21.11.4.14","force_optimize_skip_unused_shards_nesting","0",0,"Same as force_optimize_skip_unused_shards, but accept nesting level until which it will work.",\N,\N,0,"UInt64"
"21.11.4.14","input_format_parallel_parsing","1",0,"Enable parallel parsing for some data formats.",\N,\N,0,"Bool"
"21.11.4.14","min_chunk_bytes_for_parallel_parsing","10485760",0,"The minimum chunk size in bytes, which each thread will parse in parallel.",\N,\N,0,"UInt64"
"21.11.4.14","output_format_parallel_formatting","1",0,"Enable parallel formatting for some data formats.",\N,\N,0,"Bool"
"21.11.4.14","merge_tree_min_rows_for_concurrent_read","163840",0,"If at least as many lines are read from one file, the reading can be parallelized.",\N,\N,0,"UInt64"
"21.11.4.14","merge_tree_min_bytes_for_concurrent_read","251658240",0,"If at least as many bytes are read from one file, the reading can be parallelized.",\N,\N,0,"UInt64"
"21.11.4.14","merge_tree_min_rows_for_seek","0",0,"You can skip reading more than that number of rows at the price of one seek per file.",\N,\N,0,"UInt64"
"21.11.4.14","merge_tree_min_bytes_for_seek","0",0,"You can skip reading more than that number of bytes at the price of one seek per file.",\N,\N,0,"UInt64"
"21.11.4.14","merge_tree_coarse_index_granularity","8",0,"If the index segment can contain the required keys, divide it into as many parts and recursively check them.",\N,\N,0,"UInt64"
"21.11.4.14","merge_tree_max_rows_to_use_cache","1048576",0,"The maximum number of rows per request, to use the cache of uncompressed data. If the request is large, the cache is not used. (For large queries not to flush out the cache.)",\N,\N,0,"UInt64"
"21.11.4.14","merge_tree_max_bytes_to_use_cache","2013265920",0,"The maximum number of bytes per request, to use the cache of uncompressed data. If the request is large, the cache is not used. (For large queries not to flush out the cache.)",\N,\N,0,"UInt64"
"21.11.4.14","merge_tree_clear_old_temporary_directories_interval_seconds","60",0,"The period of executing the clear old temporary directories operation in background.",\N,\N,0,"UInt64"
"21.11.4.14","merge_tree_clear_old_parts_interval_seconds","1",0,"The period of executing the clear old parts operation in background.",\N,\N,0,"UInt64"
"21.11.4.14","do_not_merge_across_partitions_select_final","0",0,"Merge parts only in one partition in select final",\N,\N,0,"Bool"
"21.11.4.14","mysql_max_rows_to_insert","65536",0,"The maximum number of rows in MySQL batch insertion of the MySQL storage engine",\N,\N,0,"UInt64"
"21.11.4.14","optimize_min_equality_disjunction_chain_length","3",0,"The minimum length of the expression `expr = x1 OR ... expr = xN` for optimization ",\N,\N,0,"UInt64"
"21.11.4.14","min_bytes_to_use_direct_io","0",0,"The minimum number of bytes for reading the data with O_DIRECT option during SELECT queries execution. 0 - disabled.",\N,\N,0,"UInt64"
"21.11.4.14","min_bytes_to_use_mmap_io","0",0,"The minimum number of bytes for reading the data with mmap option during SELECT queries execution. 0 - disabled.",\N,\N,0,"UInt64"
"21.11.4.14","checksum_on_read","1",0,"Validate checksums on reading. It is enabled by default and should be always enabled in production. Please do not expect any benefits in disabling this setting. It may only be used for experiments and benchmarks. The setting only applicable for tables of MergeTree family. Checksums are always validated for other table engines and when receiving data over network.",\N,\N,0,"Bool"
"21.11.4.14","force_index_by_date","0",0,"Throw an exception if there is a partition key in a table, and it is not used.",\N,\N,0,"Bool"
"21.11.4.14","force_primary_key","0",0,"Throw an exception if there is primary key in a table, and it is not used.",\N,\N,0,"Bool"
"21.11.4.14","use_skip_indexes","1",0,"Use data skipping indexes during query execution.",\N,\N,0,"Bool"
"21.11.4.14","force_data_skipping_indices","",0,"Comma separated list of strings or literals with the name of the data skipping indices that should be used during query execution, otherwise an exception will be thrown.",\N,\N,0,"String"
"21.11.4.14","max_streams_to_max_threads_ratio","1",0,"Allows you to use more sources than the number of threads - to more evenly distribute work across threads. It is assumed that this is a temporary solution, since it will be possible in the future to make the number of sources equal to the number of threads, but for each source to dynamically select available work for itself.",\N,\N,0,"Float"
"21.11.4.14","max_streams_multiplier_for_merge_tables","5",0,"Ask more streams when reading from Merge table. Streams will be spread across tables that Merge table will use. This allows more even distribution of work across threads and especially helpful when merged tables differ in size.",\N,\N,0,"Float"
"21.11.4.14","network_compression_method","LZ4",0,"Allows you to select the method of data compression when writing.",\N,\N,0,"String"
"21.11.4.14","network_zstd_compression_level","1",0,"Allows you to select the level of ZSTD compression.",\N,\N,0,"Int64"
"21.11.4.14","priority","0",0,"Priority of the query. 1 - the highest, higher value - lower priority; 0 - do not use priorities.",\N,\N,0,"UInt64"
"21.11.4.14","os_thread_priority","0",0,"If non zero - set corresponding 'nice' value for query processing threads. Can be used to adjust query priority for OS scheduler.",\N,\N,0,"Int64"
"21.11.4.14","log_queries","1",0,"Log requests and write the log to the system table.",\N,\N,0,"Bool"
"21.11.4.14","log_formatted_queries","0",0,"Log formatted queries and write the log to the system table.",\N,\N,0,"Bool"
"21.11.4.14","log_queries_min_type","QUERY_START",0,"Minimal type in query_log to log, possible values (from low to high): QUERY_START, QUERY_FINISH, EXCEPTION_BEFORE_START, EXCEPTION_WHILE_PROCESSING.",\N,\N,0,"LogQueriesType"
"21.11.4.14","log_queries_min_query_duration_ms","0",0,"Minimal time for the query to run, to get to the query_log/query_thread_log/query_views_log.",\N,\N,0,"Milliseconds"
"21.11.4.14","log_queries_cut_to_length","100000",0,"If query length is greater than specified threshold (in bytes), then cut query when writing to query log. Also limit length of printed query in ordinary text log.",\N,\N,0,"UInt64"
"21.11.4.14","log_queries_probability","1",0,"Log queries with the specified probabality.",\N,\N,0,"Float"
"21.11.4.14","distributed_product_mode","deny",0,"How are distributed subqueries performed inside IN or JOIN sections?",\N,\N,0,"DistributedProductMode"
"21.11.4.14","max_concurrent_queries_for_all_users","0",0,"The maximum number of concurrent requests for all users.",\N,\N,0,"UInt64"
"21.11.4.14","max_concurrent_queries_for_user","0",0,"The maximum number of concurrent requests per user.",\N,\N,0,"UInt64"
"21.11.4.14","insert_deduplicate","1",0,"For INSERT queries in the replicated table, specifies that deduplication of insertings blocks should be performed",\N,\N,0,"Bool"
"21.11.4.14","insert_quorum","0",0,"For INSERT queries in the replicated table, wait writing for the specified number of replicas and linearize the addition of the data. 0 - disabled.",\N,\N,0,"UInt64"
"21.11.4.14","insert_quorum_timeout","600000",0,"",\N,\N,0,"Milliseconds"
"21.11.4.14","insert_quorum_parallel","1",0,"For quorum INSERT queries - enable to make parallel inserts without linearizability",\N,\N,0,"Bool"
"21.11.4.14","select_sequential_consistency","0",0,"For SELECT queries from the replicated table, throw an exception if the replica does not have a chunk written with the quorum; do not read the parts that have not yet been written with the quorum.",\N,\N,0,"UInt64"
"21.11.4.14","table_function_remote_max_addresses","1000",0,"The maximum number of different shards and the maximum number of replicas of one shard in the `remote` function.",\N,\N,0,"UInt64"
"21.11.4.14","read_backoff_min_latency_ms","1000",0,"Setting to reduce the number of threads in case of slow reads. Pay attention only to reads that took at least that much time.",\N,\N,0,"Milliseconds"
"21.11.4.14","read_backoff_max_throughput","1048576",0,"Settings to reduce the number of threads in case of slow reads. Count events when the read bandwidth is less than that many bytes per second.",\N,\N,0,"UInt64"
"21.11.4.14","read_backoff_min_interval_between_events_ms","1000",0,"Settings to reduce the number of threads in case of slow reads. Do not pay attention to the event, if the previous one has passed less than a certain amount of time.",\N,\N,0,"Milliseconds"
"21.11.4.14","read_backoff_min_events","2",0,"Settings to reduce the number of threads in case of slow reads. The number of events after which the number of threads will be reduced.",\N,\N,0,"UInt64"
"21.11.4.14","read_backoff_min_concurrency","1",0,"Settings to try keeping the minimal number of threads in case of slow reads.",\N,\N,0,"UInt64"
"21.11.4.14","memory_tracker_fault_probability","0",0,"For testing of `exception safety` - throw an exception every time you allocate memory with the specified probability.",\N,\N,0,"Float"
"21.11.4.14","enable_http_compression","0",0,"Compress the result if the client over HTTP said that it understands data compressed by gzip or deflate.",\N,\N,0,"Bool"
"21.11.4.14","http_zlib_compression_level","3",0,"Compression level - used if the client on HTTP said that it understands data compressed by gzip or deflate.",\N,\N,0,"Int64"
"21.11.4.14","http_native_compression_disable_checksumming_on_decompress","0",0,"If you uncompress the POST data from the client compressed by the native format, do not check the checksum.",\N,\N,0,"Bool"
"21.11.4.14","count_distinct_implementation","uniqExact",0,"What aggregate function to use for implementation of count(DISTINCT ...)",\N,\N,0,"String"
"21.11.4.14","add_http_cors_header","0",0,"Write add http CORS header.",\N,\N,0,"Bool"
"21.11.4.14","max_http_get_redirects","0",0,"Max number of http GET redirects hops allowed. Make sure additional security measures are in place to prevent a malicious server to redirect your requests to unexpected services.",\N,\N,0,"UInt64"
"21.11.4.14","use_client_time_zone","0",0,"Use client timezone for interpreting DateTime string values, instead of adopting server timezone.",\N,\N,0,"Bool"
"21.11.4.14","send_progress_in_http_headers","0",0,"Send progress notifications using X-ClickHouse-Progress headers. Some clients do not support high amount of HTTP headers (Python requests in particular), so it is disabled by default.",\N,\N,0,"Bool"
"21.11.4.14","http_headers_progress_interval_ms","100",0,"Do not send HTTP headers X-ClickHouse-Progress more frequently than at each specified interval.",\N,\N,0,"UInt64"
"21.11.4.14","fsync_metadata","1",0,"Do fsync after changing metadata for tables and databases (.sql files). Could be disabled in case of poor latency on server with high load of DDL queries and high load of disk subsystem.",\N,\N,0,"Bool"
"21.11.4.14","join_use_nulls","0",0,"Use NULLs for non-joined rows of outer JOINs for types that can be inside Nullable. If false, use default value of corresponding columns data type.",\N,\N,0,"Bool"
"21.11.4.14","join_default_strictness","ALL",0,"Set default strictness in JOIN query. Possible values: empty string, 'ANY', 'ALL'. If empty, query without strictness will throw exception.",\N,\N,0,"JoinStrictness"
"21.11.4.14","any_join_distinct_right_table_keys","0",0,"Enable old ANY JOIN logic with many-to-one left-to-right table keys mapping for all ANY JOINs. It leads to confusing not equal results for 't1 ANY LEFT JOIN t2' and 't2 ANY RIGHT JOIN t1'. ANY RIGHT JOIN needs one-to-many keys mapping to be consistent with LEFT one.",\N,\N,0,"Bool"
"21.11.4.14","preferred_block_size_bytes","1000000",0,"",\N,\N,0,"UInt64"
"21.11.4.14","max_replica_delay_for_distributed_queries","300",0,"If set, distributed queries of Replicated tables will choose servers with replication delay in seconds less than the specified value (not inclusive). Zero means do not take delay into account.",\N,\N,0,"UInt64"
"21.11.4.14","fallback_to_stale_replicas_for_distributed_queries","1",0,"Suppose max_replica_delay_for_distributed_queries is set and all replicas for the queried table are stale. If this setting is enabled, the query will be performed anyway, otherwise the error will be reported.",\N,\N,0,"Bool"
"21.11.4.14","preferred_max_column_in_block_size_bytes","0",0,"Limit on max column size in block while reading. Helps to decrease cache misses count. Should be close to L2 cache size.",\N,\N,0,"UInt64"
"21.11.4.14","insert_distributed_sync","0",0,"If setting is enabled, insert query into distributed waits until data will be sent to all nodes in cluster.",\N,\N,0,"Bool"
"21.11.4.14","insert_distributed_timeout","0",0,"Timeout for insert query into distributed. Setting is used only with insert_distributed_sync enabled. Zero value means no timeout.",\N,\N,0,"UInt64"
"21.11.4.14","distributed_ddl_task_timeout","180",0,"Timeout for DDL query responses from all hosts in cluster. If a ddl request has not been performed on all hosts, a response will contain a timeout error and a request will be executed in an async mode. Negative value means infinite. Zero means async mode.",\N,\N,0,"Int64"
"21.11.4.14","stream_flush_interval_ms","7500",0,"Timeout for flushing data from streaming storages.",\N,\N,0,"Milliseconds"
"21.11.4.14","stream_poll_timeout_ms","500",0,"Timeout for polling data from/to streaming storages.",\N,\N,0,"Milliseconds"
"21.11.4.14","sleep_in_send_tables_status_ms","0",0,"Time to sleep in sending tables status response in TCPHandler",\N,\N,0,"Milliseconds"
"21.11.4.14","sleep_in_send_data_ms","0",0,"Time to sleep in sending data in TCPHandler",\N,\N,0,"Milliseconds"
"21.11.4.14","unknown_packet_in_send_data","0",0,"Send unknown packet instead of data Nth data packet",\N,\N,0,"UInt64"
"21.11.4.14","sleep_in_receive_cancel_ms","0",0,"Time to sleep in receiving cancel in TCPHandler",\N,\N,0,"Milliseconds"
"21.11.4.14","insert_allow_materialized_columns","0",0,"If setting is enabled, Allow materialized columns in INSERT.",\N,\N,0,"Bool"
"21.11.4.14","http_connection_timeout","1",0,"HTTP connection timeout.",\N,\N,0,"Seconds"
"21.11.4.14","http_send_timeout","1800",0,"HTTP send timeout",\N,\N,0,"Seconds"
"21.11.4.14","http_receive_timeout","1800",0,"HTTP receive timeout",\N,\N,0,"Seconds"
"21.11.4.14","http_max_uri_size","1048576",0,"Maximum URI length of HTTP request",\N,\N,0,"UInt64"
"21.11.4.14","http_max_fields","1000000",0,"Maximum number of fields in HTTP header",\N,\N,0,"UInt64"
"21.11.4.14","http_max_field_name_size","1048576",0,"Maximum length of field name in HTTP header",\N,\N,0,"UInt64"
"21.11.4.14","http_max_field_value_size","1048576",0,"Maximum length of field value in HTTP header",\N,\N,0,"UInt64"
"21.11.4.14","optimize_throw_if_noop","0",0,"If setting is enabled and OPTIMIZE query didn't actually assign a merge then an explanatory exception is thrown",\N,\N,0,"Bool"
"21.11.4.14","use_index_for_in_with_subqueries","1",0,"Try using an index if there is a subquery or a table expression on the right side of the IN operator.",\N,\N,0,"Bool"
"21.11.4.14","joined_subquery_requires_alias","1",0,"Force joined subqueries and table functions to have aliases for correct name qualification.",\N,\N,0,"Bool"
"21.11.4.14","empty_result_for_aggregation_by_empty_set","0",0,"Return empty result when aggregating without keys on empty set.",\N,\N,0,"Bool"
"21.11.4.14","empty_result_for_aggregation_by_constant_keys_on_empty_set","1",0,"Return empty result when aggregating by constant keys on empty set.",\N,\N,0,"Bool"
"21.11.4.14","allow_distributed_ddl","1",0,"If it is set to true, then a user is allowed to executed distributed DDL queries.",\N,\N,0,"Bool"
"21.11.4.14","allow_suspicious_codecs","0",0,"If it is set to true, allow to specify meaningless compression codecs.",\N,\N,0,"Bool"
"21.11.4.14","allow_experimental_codecs","0",0,"If it is set to true, allow to specify experimental compression codecs (but we don't have those yet and this option does nothing).",\N,\N,0,"Bool"
"21.11.4.14","query_profiler_real_time_period_ns","1000000000",0,"Period for real clock timer of query profiler (in nanoseconds). Set 0 value to turn off the real clock query profiler. Recommended value is at least 10000000 (100 times a second) for single queries or 1000000000 (once a second) for cluster-wide profiling.",\N,\N,0,"UInt64"
"21.11.4.14","query_profiler_cpu_time_period_ns","1000000000",0,"Period for CPU clock timer of query profiler (in nanoseconds). Set 0 value to turn off the CPU clock query profiler. Recommended value is at least 10000000 (100 times a second) for single queries or 1000000000 (once a second) for cluster-wide profiling.",\N,\N,0,"UInt64"
"21.11.4.14","metrics_perf_events_enabled","0",0,"If enabled, some of the perf events will be measured throughout queries' execution.",\N,\N,0,"Bool"
"21.11.4.14","metrics_perf_events_list","",0,"Comma separated list of perf metrics that will be measured throughout queries' execution. Empty means all events. See PerfEventInfo in sources for the available events.",\N,\N,0,"String"
"21.11.4.14","opentelemetry_start_trace_probability","0",0,"Probability to start an OpenTelemetry trace for an incoming query.",\N,\N,0,"Float"
"21.11.4.14","prefer_column_name_to_alias","0",0,"Prefer using column names instead of aliases if possible.",\N,\N,0,"Bool"
"21.11.4.14","prefer_global_in_and_join","0",0,"If enabled, all IN/JOIN operators will be rewritten as GLOBAL IN/JOIN. It's useful when the to-be-joined tables are only available on the initiator and we need to always scatter their data on-the-fly during distributed processing with the GLOBAL keyword. It's also useful to reduce the need to access the external sources joining external tables.",\N,\N,0,"Bool"
"21.11.4.14","max_rows_to_read","0",0,"Limit on read rows from the most 'deep' sources. That is, only in the deepest subquery. When reading from a remote server, it is only checked on a remote server.",\N,\N,0,"UInt64"
"21.11.4.14","max_bytes_to_read","0",0,"Limit on read bytes (after decompression) from the most 'deep' sources. That is, only in the deepest subquery. When reading from a remote server, it is only checked on a remote server.",\N,\N,0,"UInt64"
"21.11.4.14","read_overflow_mode","throw",0,"What to do when the limit is exceeded.",\N,\N,0,"OverflowMode"
"21.11.4.14","max_rows_to_read_leaf","0",0,"Limit on read rows on the leaf nodes for distributed queries. Limit is applied for local reads only excluding the final merge stage on the root node.",\N,\N,0,"UInt64"
"21.11.4.14","max_bytes_to_read_leaf","0",0,"Limit on read bytes (after decompression) on the leaf nodes for distributed queries. Limit is applied for local reads only excluding the final merge stage on the root node.",\N,\N,0,"UInt64"
"21.11.4.14","read_overflow_mode_leaf","throw",0,"What to do when the leaf limit is exceeded.",\N,\N,0,"OverflowMode"
"21.11.4.14","max_rows_to_group_by","0",0,"",\N,\N,0,"UInt64"
"21.11.4.14","group_by_overflow_mode","throw",0,"What to do when the limit is exceeded.",\N,\N,0,"OverflowModeGroupBy"
"21.11.4.14","max_bytes_before_external_group_by","0",0,"",\N,\N,0,"UInt64"
"21.11.4.14","max_rows_to_sort","0",0,"",\N,\N,0,"UInt64"
"21.11.4.14","max_bytes_to_sort","0",0,"",\N,\N,0,"UInt64"
"21.11.4.14","sort_overflow_mode","throw",0,"What to do when the limit is exceeded.",\N,\N,0,"OverflowMode"
"21.11.4.14","max_bytes_before_external_sort","0",0,"",\N,\N,0,"UInt64"
"21.11.4.14","max_bytes_before_remerge_sort","1000000000",0,"In case of ORDER BY with LIMIT, when memory usage is higher than specified threshold, perform additional steps of merging blocks before final merge to keep just top LIMIT rows.",\N,\N,0,"UInt64"
"21.11.4.14","remerge_sort_lowered_memory_bytes_ratio","2",0,"If memory usage after remerge does not reduced by this ratio, remerge will be disabled.",\N,\N,0,"Float"
"21.11.4.14","max_result_rows","0",0,"Limit on result size in rows. Also checked for intermediate data sent from remote servers.",\N,\N,0,"UInt64"
"21.11.4.14","max_result_bytes","0",0,"Limit on result size in bytes (uncompressed). Also checked for intermediate data sent from remote servers.",\N,\N,0,"UInt64"
"21.11.4.14","result_overflow_mode","throw",0,"What to do when the limit is exceeded.",\N,\N,0,"OverflowMode"
"21.11.4.14","max_execution_time","0",0,"",\N,\N,0,"Seconds"
"21.11.4.14","timeout_overflow_mode","throw",0,"What to do when the limit is exceeded.",\N,\N,0,"OverflowMode"
"21.11.4.14","min_execution_speed","0",0,"Minimum number of execution rows per second.",\N,\N,0,"UInt64"
"21.11.4.14","max_execution_speed","0",0,"Maximum number of execution rows per second.",\N,\N,0,"UInt64"
"21.11.4.14","min_execution_speed_bytes","0",0,"Minimum number of execution bytes per second.",\N,\N,0,"UInt64"
"21.11.4.14","max_execution_speed_bytes","0",0,"Maximum number of execution bytes per second.",\N,\N,0,"UInt64"
"21.11.4.14","timeout_before_checking_execution_speed","10",0,"Check that the speed is not too low after the specified time has elapsed.",\N,\N,0,"Seconds"
"21.11.4.14","max_columns_to_read","0",0,"",\N,\N,0,"UInt64"
"21.11.4.14","max_temporary_columns","0",0,"",\N,\N,0,"UInt64"
"21.11.4.14","max_temporary_non_const_columns","0",0,"",\N,\N,0,"UInt64"
"21.11.4.14","max_subquery_depth","100",0,"",\N,\N,0,"UInt64"
"21.11.4.14","max_pipeline_depth","1000",0,"",\N,\N,0,"UInt64"
"21.11.4.14","max_ast_depth","1000",0,"Maximum depth of query syntax tree. Checked after parsing.",\N,\N,0,"UInt64"
"21.11.4.14","max_ast_elements","50000",0,"Maximum size of query syntax tree in number of nodes. Checked after parsing.",\N,\N,0,"UInt64"
"21.11.4.14","max_expanded_ast_elements","500000",0,"Maximum size of query syntax tree in number of nodes after expansion of aliases and the asterisk.",\N,\N,0,"UInt64"
"21.11.4.14","readonly","0",0,"0 - everything is allowed. 1 - only read requests. 2 - only read requests, as well as changing settings, except for the 'readonly' setting.",\N,\N,0,"UInt64"
"21.11.4.14","max_rows_in_set","0",0,"Maximum size of the set (in number of elements) resulting from the execution of the IN section.",\N,\N,0,"UInt64"
"21.11.4.14","max_bytes_in_set","0",0,"Maximum size of the set (in bytes in memory) resulting from the execution of the IN section.",\N,\N,0,"UInt64"
"21.11.4.14","set_overflow_mode","throw",0,"What to do when the limit is exceeded.",\N,\N,0,"OverflowMode"
"21.11.4.14","max_rows_in_join","0",0,"Maximum size of the hash table for JOIN (in number of rows).",\N,\N,0,"UInt64"
"21.11.4.14","max_bytes_in_join","0",0,"Maximum size of the hash table for JOIN (in number of bytes in memory).",\N,\N,0,"UInt64"
"21.11.4.14","join_overflow_mode","throw",0,"What to do when the limit is exceeded.",\N,\N,0,"OverflowMode"
"21.11.4.14","join_any_take_last_row","0",0,"When disabled (default) ANY JOIN will take the first found row for a key. When enabled, it will take the last row seen if there are multiple rows for the same key.",\N,\N,0,"Bool"
"21.11.4.14","join_algorithm","hash",0,"Specify join algorithm: 'auto', 'hash', 'partial_merge', 'prefer_partial_merge'. 'auto' tries to change HashJoin to MergeJoin on the fly to avoid out of memory.",\N,\N,0,"JoinAlgorithm"
"21.11.4.14","partial_merge_join_optimizations","1",0,"Enable optimizations in partial merge join",\N,\N,0,"Bool"
"21.11.4.14","default_max_bytes_in_join","1000000000",0,"Maximum size of right-side table if limit is required but max_bytes_in_join is not set.",\N,\N,0,"UInt64"
"21.11.4.14","partial_merge_join_left_table_buffer_bytes","32000000",0,"If not 0 group left table blocks in bigger ones for left-side table in partial merge join. It uses up to 2x of specified memory per joining thread. In current version work only with 'partial_merge_join_optimizations = 1'.",\N,\N,0,"UInt64"
"21.11.4.14","partial_merge_join_rows_in_right_blocks","65536",0,"Split right-hand joining data in blocks of specified size. It's a portion of data indexed by min-max values and possibly unloaded on disk.",\N,\N,0,"UInt64"
"21.11.4.14","join_on_disk_max_files_to_merge","64",0,"For MergeJoin on disk set how much files it's allowed to sort simultaneously. Then this value bigger then more memory used and then less disk I/O needed. Minimum is 2.",\N,\N,0,"UInt64"
"21.11.4.14","temporary_files_codec","LZ4",0,"Set compression codec for temporary files (sort and join on disk). I.e. LZ4, NONE.",\N,\N,0,"String"
"21.11.4.14","max_rows_to_transfer","0",0,"Maximum size (in rows) of the transmitted external table obtained when the GLOBAL IN/JOIN section is executed.",\N,\N,0,"UInt64"
"21.11.4.14","max_bytes_to_transfer","0",0,"Maximum size (in uncompressed bytes) of the transmitted external table obtained when the GLOBAL IN/JOIN section is executed.",\N,\N,0,"UInt64"
"21.11.4.14","transfer_overflow_mode","throw",0,"What to do when the limit is exceeded.",\N,\N,0,"OverflowMode"
"21.11.4.14","max_rows_in_distinct","0",0,"Maximum number of elements during execution of DISTINCT.",\N,\N,0,"UInt64"
"21.11.4.14","max_bytes_in_distinct","0",0,"Maximum total size of state (in uncompressed bytes) in memory for the execution of DISTINCT.",\N,\N,0,"UInt64"
"21.11.4.14","distinct_overflow_mode","throw",0,"What to do when the limit is exceeded.",\N,\N,0,"OverflowMode"
"21.11.4.14","max_memory_usage","10000000000",1,"Maximum memory usage for processing of single query. Zero means unlimited.",\N,\N,0,"UInt64"
"21.11.4.14","max_memory_usage_for_user","0",0,"Maximum memory usage for processing all concurrently running queries for the user. Zero means unlimited.",\N,\N,0,"UInt64"
"21.11.4.14","max_untracked_memory","4194304",0,"Small allocations and deallocations are grouped in thread local variable and tracked or profiled only when amount (in absolute value) becomes larger than specified value. If the value is higher than 'memory_profiler_step' it will be effectively lowered to 'memory_profiler_step'.",\N,\N,0,"UInt64"
"21.11.4.14","memory_profiler_step","4194304",0,"Whenever query memory usage becomes larger than every next step in number of bytes the memory profiler will collect the allocating stack trace. Zero means disabled memory profiler. Values lower than a few megabytes will slow down query processing.",\N,\N,0,"UInt64"
"21.11.4.14","memory_profiler_sample_probability","0",0,"Collect random allocations and deallocations and write them into system.trace_log with 'MemorySample' trace_type. The probability is for every alloc/free regardless to the size of the allocation. Note that sampling happens only when the amount of untracked memory exceeds 'max_untracked_memory'. You may want to set 'max_untracked_memory' to 0 for extra fine grained sampling.",\N,\N,0,"Float"
"21.11.4.14","max_network_bandwidth","0",0,"The maximum speed of data exchange over the network in bytes per second for a query. Zero means unlimited.",\N,\N,0,"UInt64"
"21.11.4.14","max_network_bytes","0",0,"The maximum number of bytes (compressed) to receive or transmit over the network for execution of the query.",\N,\N,0,"UInt64"
"21.11.4.14","max_network_bandwidth_for_user","0",0,"The maximum speed of data exchange over the network in bytes per second for all concurrently running user queries. Zero means unlimited.",\N,\N,0,"UInt64"
"21.11.4.14","max_network_bandwidth_for_all_users","0",0,"The maximum speed of data exchange over the network in bytes per second for all concurrently running queries. Zero means unlimited.",\N,\N,0,"UInt64"
"21.11.4.14","max_backup_threads","0",0,"The maximum number of threads to execute a BACKUP or RESTORE request. By default, it is determined automatically.",\N,\N,0,"UInt64"
"21.11.4.14","log_profile_events","1",0,"Log query performance statistics into the query_log, query_thread_log and query_views_log.",\N,\N,0,"Bool"
"21.11.4.14","log_query_settings","1",0,"Log query settings into the query_log.",\N,\N,0,"Bool"
"21.11.4.14","log_query_threads","1",0,"Log query threads into system.query_thread_log table. This setting have effect only when 'log_queries' is true.",\N,\N,0,"Bool"
"21.11.4.14","log_query_views","1",0,"Log query dependent views into system.query_views_log table. This setting have effect only when 'log_queries' is true.",\N,\N,0,"Bool"
"21.11.4.14","log_comment","",0,"Log comment into system.query_log table and server log. It can be set to arbitrary string no longer than max_query_size.",\N,\N,0,"String"
"21.11.4.14","send_logs_level","fatal",0,"Send server text logs with specified minimum level to client. Valid values: 'trace', 'debug', 'information', 'warning', 'error', 'fatal', 'none'",\N,\N,0,"LogsLevel"
"21.11.4.14","enable_optimize_predicate_expression","1",0,"If it is set to true, optimize predicates to subqueries.",\N,\N,0,"Bool"
"21.11.4.14","enable_optimize_predicate_expression_to_final_subquery","1",0,"Allow push predicate to final subquery.",\N,\N,0,"Bool"
"21.11.4.14","allow_push_predicate_when_subquery_contains_with","1",0,"Allows push predicate when subquery contains WITH clause",\N,\N,0,"Bool"
"21.11.4.14","low_cardinality_max_dictionary_size","8192",0,"Maximum size (in rows) of shared global dictionary for LowCardinality type.",\N,\N,0,"UInt64"
"21.11.4.14","low_cardinality_use_single_dictionary_for_part","0",0,"LowCardinality type serialization setting. If is true, than will use additional keys when global dictionary overflows. Otherwise, will create several shared dictionaries.",\N,\N,0,"Bool"
"21.11.4.14","decimal_check_overflow","1",0,"Check overflow of decimal arithmetic/comparison operations",\N,\N,0,"Bool"
"21.11.4.14","prefer_localhost_replica","1",0,"If it's true then queries will be always sent to local replica (if it exists). If it's false then replica to send a query will be chosen between local and remote ones according to load_balancing",\N,\N,0,"Bool"
"21.11.4.14","max_fetch_partition_retries_count","5",0,"Amount of retries while fetching partition from another host.",\N,\N,0,"UInt64"
"21.11.4.14","http_max_multipart_form_data_size","1073741824",0,"Limit on size of multipart/form-data content. This setting cannot be parsed from URL parameters and should be set in user profile. Note that content is parsed and external tables are created in memory before start of query execution. And this is the only limit that has effect on that stage (limits on max memory usage and max execution time have no effect while reading HTTP form data).",\N,\N,0,"UInt64"
"21.11.4.14","calculate_text_stack_trace","1",0,"Calculate text stack trace in case of exceptions during query execution. This is the default. It requires symbol lookups that may slow down fuzzing tests when huge amount of wrong queries are executed. In normal cases you should not disable this option.",\N,\N,0,"Bool"
"21.11.4.14","allow_ddl","1",0,"If it is set to true, then a user is allowed to executed DDL queries.",\N,\N,0,"Bool"
"21.11.4.14","parallel_view_processing","0",0,"Enables pushing to attached views concurrently instead of sequentially.",\N,\N,0,"Bool"
"21.11.4.14","enable_unaligned_array_join","0",0,"Allow ARRAY JOIN with multiple arrays that have different sizes. When this settings is enabled, arrays will be resized to the longest one.",\N,\N,0,"Bool"
"21.11.4.14","optimize_read_in_order","1",0,"Enable ORDER BY optimization for reading data in corresponding order in MergeTree tables.",\N,\N,0,"Bool"
"21.11.4.14","optimize_aggregation_in_order","0",0,"Enable GROUP BY optimization for aggregating data in corresponding order in MergeTree tables.",\N,\N,0,"Bool"
"21.11.4.14","aggregation_in_order_max_block_bytes","50000000",0,"Maximal size of block in bytes accumulated during aggregation in order of primary key. Lower block size allows to parallelize more final merge stage of aggregation.",\N,\N,0,"UInt64"
"21.11.4.14","read_in_order_two_level_merge_threshold","100",0,"Minimal number of parts to read to run preliminary merge step during multithread reading in order of primary key.",\N,\N,0,"UInt64"
"21.11.4.14","low_cardinality_allow_in_native_format","1",0,"Use LowCardinality type in Native format. Otherwise, convert LowCardinality columns to ordinary for select query, and convert ordinary columns to required LowCardinality for insert query.",\N,\N,0,"Bool"
"21.11.4.14","cancel_http_readonly_queries_on_client_close","0",0,"Cancel HTTP readonly queries when a client closes the connection without waiting for response.",\N,\N,0,"Bool"
"21.11.4.14","external_table_functions_use_nulls","1",0,"If it is set to true, external table functions will implicitly use Nullable type if needed. Otherwise NULLs will be substituted with default values. Currently supported only by 'mysql', 'postgresql' and 'odbc' table functions.",\N,\N,0,"Bool"
"21.11.4.14","external_table_strict_query","0",0,"If it is set to true, transforming expression to local filter is forbidden for queries to external tables.",\N,\N,0,"Bool"
"21.11.4.14","allow_hyperscan","1",0,"Allow functions that use Hyperscan library. Disable to avoid potentially long compilation times and excessive resource usage.",\N,\N,0,"Bool"
"21.11.4.14","max_hyperscan_regexp_length","0",0,"Max length of regexp than can be used in hyperscan multi-match functions. Zero means unlimited.",\N,\N,0,"UInt64"
"21.11.4.14","max_hyperscan_regexp_total_length","0",0,"Max total length of all regexps than can be used in hyperscan multi-match functions (per every function). Zero means unlimited.",\N,\N,0,"UInt64"
"21.11.4.14","allow_simdjson","1",0,"Allow using simdjson library in 'JSON*' functions if AVX2 instructions are available. If disabled rapidjson will be used.",\N,\N,0,"Bool"
"21.11.4.14","allow_introspection_functions","0",0,"Allow functions for introspection of ELF and DWARF for query profiling. These functions are slow and may impose security considerations.",\N,\N,0,"Bool"
"21.11.4.14","max_partitions_per_insert_block","100",0,"Limit maximum number of partitions in single INSERTed block. Zero means unlimited. Throw exception if the block contains too many partitions. This setting is a safety threshold, because using large number of partitions is a common misconception.",\N,\N,0,"UInt64"
"21.11.4.14","max_partitions_to_read","-1",0,"Limit the max number of partitions that can be accessed in one query. <= 0 means unlimited.",\N,\N,0,"Int64"
"21.11.4.14","check_query_single_value_result","1",0,"Return check query result as single 1/0 value",\N,\N,0,"Bool"
"21.11.4.14","allow_drop_detached","0",0,"Allow ALTER TABLE ... DROP DETACHED PART[ITION] ... queries",\N,\N,0,"Bool"
"21.11.4.14","postgresql_connection_pool_size","16",0,"Connection pool size for PostgreSQL table engine and database engine.",\N,\N,0,"UInt64"
"21.11.4.14","postgresql_connection_pool_wait_timeout","5000",0,"Connection pool push/pop timeout on empty pool for PostgreSQL table engine and database engine. By default it will block on empty pool.",\N,\N,0,"UInt64"
"21.11.4.14","glob_expansion_max_elements","1000",0,"Maximum number of allowed addresses (For external storages, table functions, etc).",\N,\N,0,"UInt64"
"21.11.4.14","odbc_bridge_connection_pool_size","16",0,"Connection pool size for each connection settings string in ODBC bridge.",\N,\N,0,"UInt64"
"21.11.4.14","distributed_replica_error_half_life","60",0,"Time period reduces replica error counter by 2 times.",\N,\N,0,"Seconds"
"21.11.4.14","distributed_replica_error_cap","1000",0,"Max number of errors per replica, prevents piling up an incredible amount of errors if replica was offline for some time and allows it to be reconsidered in a shorter amount of time.",\N,\N,0,"UInt64"
"21.11.4.14","distributed_replica_max_ignored_errors","0",0,"Number of errors that will be ignored while choosing replicas",\N,\N,0,"UInt64"
"21.11.4.14","allow_experimental_live_view","0",0,"Enable LIVE VIEW. Not mature enough.",\N,\N,0,"Bool"
"21.11.4.14","live_view_heartbeat_interval","15",0,"The heartbeat interval in seconds to indicate live query is alive.",\N,\N,0,"Seconds"
"21.11.4.14","max_live_view_insert_blocks_before_refresh","64",0,"Limit maximum number of inserted blocks after which mergeable blocks are dropped and query is re-executed.",\N,\N,0,"UInt64"
"21.11.4.14","min_free_disk_space_for_temporary_data","0",0,"The minimum disk space to keep while writing temporary data used in external sorting and aggregation.",\N,\N,0,"UInt64"
"21.11.4.14","default_database_engine","Atomic",0,"Default database engine.",\N,\N,0,"DefaultDatabaseEngine"
"21.11.4.14","show_table_uuid_in_table_create_query_if_not_nil","0",0,"For tables in databases with Engine=Atomic show UUID of the table in its CREATE query.",\N,\N,0,"Bool"
"21.11.4.14","database_atomic_wait_for_drop_and_detach_synchronously","0",0,"When executing DROP or DETACH TABLE in Atomic database, wait for table data to be finally dropped or detached.",\N,\N,0,"Bool"
"21.11.4.14","enable_scalar_subquery_optimization","1",0,"If it is set to true, prevent scalar subqueries from (de)serializing large scalar values and possibly avoid running the same subquery more than once.",\N,\N,0,"Bool"
"21.11.4.14","optimize_trivial_count_query","1",0,"Process trivial 'SELECT count() FROM table' query from metadata.",\N,\N,0,"Bool"
"21.11.4.14","optimize_respect_aliases","1",0,"If it is set to true, it will respect aliases in WHERE/GROUP BY/ORDER BY, that will help with partition pruning/secondary indexes/optimize_aggregation_in_order/optimize_read_in_order/optimize_trivial_count",\N,\N,0,"Bool"
"21.11.4.14","mutations_sync","0",0,"Wait for synchronous execution of ALTER TABLE UPDATE/DELETE queries (mutations). 0 - execute asynchronously. 1 - wait current server. 2 - wait all replicas if they exist.",\N,\N,0,"UInt64"
"21.11.4.14","optimize_move_functions_out_of_any","0",0,"Move functions out of aggregate functions 'any', 'anyLast'.",\N,\N,0,"Bool"
"21.11.4.14","optimize_normalize_count_variants","1",0,"Rewrite aggregate functions that semantically equals to count() as count().",\N,\N,0,"Bool"
"21.11.4.14","optimize_injective_functions_inside_uniq","1",0,"Delete injective functions of one argument inside uniq*() functions.",\N,\N,0,"Bool"
"21.11.4.14","optimize_arithmetic_operations_in_aggregate_functions","1",0,"Move arithmetic operations out of aggregation functions",\N,\N,0,"Bool"
"21.11.4.14","optimize_duplicate_order_by_and_distinct","1",0,"Remove duplicate ORDER BY and DISTINCT if it's possible",\N,\N,0,"Bool"
"21.11.4.14","optimize_redundant_functions_in_order_by","1",0,"Remove functions from ORDER BY if its argument is also in ORDER BY",\N,\N,0,"Bool"
"21.11.4.14","optimize_if_chain_to_multiif","0",0,"Replace if(cond1, then1, if(cond2, ...)) chains to multiIf. Currently it's not beneficial for numeric types.",\N,\N,0,"Bool"
"21.11.4.14","optimize_if_transform_strings_to_enum","0",0,"Replaces string-type arguments in If and Transform to enum. Disabled by default cause it could make inconsistent change in distributed query that would lead to its fail.",\N,\N,0,"Bool"
"21.11.4.14","optimize_monotonous_functions_in_order_by","1",0,"Replace monotonous function with its argument in ORDER BY",\N,\N,0,"Bool"
"21.11.4.14","optimize_functions_to_subcolumns","0",0,"Transform functions to subcolumns, if possible, to reduce amount of read data. E.g. 'length(arr)' -> 'arr.size0', 'col IS NULL' -> 'col.null' ",\N,\N,0,"Bool"
"21.11.4.14","normalize_function_names","1",0,"Normalize function names to their canonical names",\N,\N,0,"Bool"
"21.11.4.14","allow_experimental_alter_materialized_view_structure","0",0,"Allow atomic alter on Materialized views. Work in progress.",\N,\N,0,"Bool"
"21.11.4.14","enable_early_constant_folding","1",0,"Enable query optimization where we analyze function and subqueries results and rewrite query if there're constants there",\N,\N,0,"Bool"
"21.11.4.14","deduplicate_blocks_in_dependent_materialized_views","0",0,"Should deduplicate blocks for materialized views if the block is not a duplicate for the table. Use true to always deduplicate in dependent tables.",\N,\N,0,"Bool"
"21.11.4.14","use_compact_format_in_distributed_parts_names","1",0,"Changes format of directories names for distributed table insert parts.",\N,\N,0,"Bool"
"21.11.4.14","validate_polygons","1",0,"Throw exception if polygon is invalid in function pointInPolygon (e.g. self-tangent, self-intersecting). If the setting is false, the function will accept invalid polygons but may silently return wrong result.",\N,\N,0,"Bool"
"21.11.4.14","max_parser_depth","1000",0,"Maximum parser depth (recursion depth of recursive descend parser).",\N,\N,0,"UInt64"
"21.11.4.14","temporary_live_view_timeout","5",0,"Timeout after which temporary live view is deleted.",\N,\N,0,"Seconds"
"21.11.4.14","periodic_live_view_refresh","60",0,"Interval after which periodically refreshed live view is forced to refresh.",\N,\N,0,"Seconds"
"21.11.4.14","transform_null_in","0",0,"If enabled, NULL values will be matched with 'IN' operator as if they are considered equal.",\N,\N,0,"Bool"
"21.11.4.14","allow_nondeterministic_mutations","0",0,"Allow non-deterministic functions in ALTER UPDATE/ALTER DELETE statements",\N,\N,0,"Bool"
"21.11.4.14","lock_acquire_timeout","120",0,"How long locking request should wait before failing",\N,\N,0,"Seconds"
"21.11.4.14","materialize_ttl_after_modify","1",0,"Apply TTL for old data, after ALTER MODIFY TTL query",\N,\N,0,"Bool"
"21.11.4.14","function_implementation","",0,"Choose function implementation for specific target or variant (experimental). If empty enable all of them.",\N,\N,0,"String"
"21.11.4.14","allow_experimental_geo_types","0",0,"Allow geo data types such as Point, Ring, Polygon, MultiPolygon",\N,\N,0,"Bool"
"21.11.4.14","data_type_default_nullable","0",0,"Data types without NULL or NOT NULL will make Nullable",\N,\N,0,"Bool"
"21.11.4.14","cast_keep_nullable","0",0,"CAST operator keep Nullable for result data type",\N,\N,0,"Bool"
"21.11.4.14","alter_partition_verbose_result","0",0,"Output information about affected parts. Currently works only for FREEZE and ATTACH commands.",\N,\N,0,"Bool"
"21.11.4.14","allow_experimental_database_materialized_mysql","0",0,"Allow to create database with Engine=MaterializedMySQL(...).",\N,\N,0,"Bool"
"21.11.4.14","allow_experimental_database_materialized_postgresql","0",0,"Allow to create database with Engine=MaterializedPostgreSQL(...).",\N,\N,0,"Bool"
"21.11.4.14","system_events_show_zero_values","0",0,"Include all metrics, even with zero values",\N,\N,0,"Bool"
"21.11.4.14","mysql_datatypes_support_level","",0,"Which MySQL types should be converted to corresponding ClickHouse types (rather than being represented as String). Can be empty or any combination of 'decimal' or 'datetime64'. When empty MySQL's DECIMAL and DATETIME/TIMESTAMP with non-zero precision are seen as String on ClickHouse's side.",\N,\N,0,"MySQLDataTypesSupport"
"21.11.4.14","optimize_trivial_insert_select","1",0,"Optimize trivial 'INSERT INTO table SELECT ... FROM TABLES' query",\N,\N,0,"Bool"
"21.11.4.14","allow_non_metadata_alters","1",0,"Allow to execute alters which affects not only tables metadata, but also data on disk",\N,\N,0,"Bool"
"21.11.4.14","enable_global_with_statement","1",0,"Propagate WITH statements to UNION queries and all subqueries",\N,\N,0,"Bool"
"21.11.4.14","aggregate_functions_null_for_empty","0",0,"Rewrite all aggregate functions in a query, adding -OrNull suffix to them",\N,\N,0,"Bool"
"21.11.4.14","optimize_syntax_fuse_functions","0",0,"Fuse aggregate functions (`sum, avg, count` with identical arguments into one `sumCount`, quantile-family functions with the same argument into `quantiles*(...)[...]`)",\N,\N,0,"Bool"
"21.11.4.14","flatten_nested","1",0,"If true, columns of type Nested will be flatten to separate array columns instead of one array of tuples",\N,\N,0,"Bool"
"21.11.4.14","asterisk_include_materialized_columns","0",0,"Include MATERIALIZED columns for wildcard query",\N,\N,0,"Bool"
"21.11.4.14","asterisk_include_alias_columns","0",0,"Include ALIAS columns for wildcard query",\N,\N,0,"Bool"
"21.11.4.14","optimize_skip_merged_partitions","0",0,"Skip partitions with one part with level > 0 in optimize final",\N,\N,0,"Bool"
"21.11.4.14","optimize_on_insert","1",0,"Do the same transformation for inserted block of data as if merge was done on this block.",\N,\N,0,"Bool"
"21.11.4.14","allow_experimental_map_type","1",0,"Obsolete setting, does nothing.",\N,\N,0,"Bool"
"21.11.4.14","allow_experimental_projection_optimization","0",0,"Enable projection optimization when processing SELECT queries",\N,\N,0,"Bool"
"21.11.4.14","force_optimize_projection","0",0,"If projection optimization is enabled, SELECT queries need to use projection",\N,\N,0,"Bool"
"21.11.4.14","async_socket_for_remote","1",0,"Asynchronously read from socket executing remote query",\N,\N,0,"Bool"
"21.11.4.14","insert_null_as_default","1",0,"Insert DEFAULT values instead of NULL in INSERT SELECT (UNION ALL)",\N,\N,0,"Bool"
"21.11.4.14","describe_include_subcolumns","0",0,"If true, subcolumns of all table columns will be included into result of DESCRIBE query",\N,\N,0,"Bool"
"21.11.4.14","optimize_rewrite_sum_if_to_count_if","1",0,"Rewrite sumIf() and sum(if()) function countIf() function when logically equivalent",\N,\N,0,"Bool"
"21.11.4.14","insert_shard_id","0",0,"If non zero, when insert into a distributed table, the data will be inserted into the shard `insert_shard_id` synchronously. Possible values range from 1 to `shards_number` of corresponding distributed table",\N,\N,0,"UInt64"
"21.11.4.14","allow_experimental_query_deduplication","0",0,"Experimental data deduplication for SELECT queries based on part UUIDs",\N,\N,0,"Bool"
"21.11.4.14","experimental_query_deduplication_send_all_part_uuids","0",0,"If false only part UUIDs for currently moving parts are sent. If true all read part UUIDs are sent (useful only for testing).",\N,\N,0,"Bool"
"21.11.4.14","engine_file_empty_if_not_exists","0",0,"Allows to select data from a file engine table without file",\N,\N,0,"Bool"
"21.11.4.14","engine_file_truncate_on_insert","0",0,"Enables or disables truncate before insert in file engine tables",\N,\N,0,"Bool"
"21.11.4.14","allow_experimental_database_replicated","0",0,"Allow to create databases with Replicated engine",\N,\N,0,"Bool"
"21.11.4.14","database_replicated_initial_query_timeout_sec","300",0,"How long initial DDL query should wait for Replicated database to precess previous DDL queue entries",\N,\N,0,"UInt64"
"21.11.4.14","max_distributed_depth","5",0,"Maximum distributed query depth",\N,\N,0,"UInt64"
"21.11.4.14","database_replicated_always_detach_permanently","0",0,"Execute DETACH TABLE as DETACH TABLE PERMANENTLY if database engine is Replicated",\N,\N,0,"Bool"
"21.11.4.14","distributed_ddl_output_mode","throw",0,"Format of distributed DDL query result",\N,\N,0,"DistributedDDLOutputMode"
"21.11.4.14","distributed_ddl_entry_format_version","1",0,"Version of DDL entry to write into ZooKeeper",\N,\N,0,"UInt64"
"21.11.4.14","external_storage_max_read_rows","0",0,"Limit maximum number of rows when table with external engine should flush history data. Now supported only for MySQL table engine, database engine, dictionary and MaterializedMySQL. If equal to 0, this setting is disabled",\N,\N,0,"UInt64"
"21.11.4.14","external_storage_max_read_bytes","0",0,"Limit maximum number of bytes when table with external engine should flush history data. Now supported only for MySQL table engine, database engine, dictionary and MaterializedMySQL. If equal to 0, this setting is disabled",\N,\N,0,"UInt64"
"21.11.4.14","union_default_mode","",0,"Set default Union Mode in SelectWithUnion query. Possible values: empty string, 'ALL', 'DISTINCT'. If empty, query without Union Mode will throw exception.",\N,\N,0,"UnionMode"
"21.11.4.14","optimize_aggregators_of_group_by_keys","1",0,"Eliminates min/max/any/anyLast aggregators of GROUP BY keys in SELECT section",\N,\N,0,"Bool"
"21.11.4.14","optimize_group_by_function_keys","1",0,"Eliminates functions of other keys in GROUP BY section",\N,\N,0,"Bool"
"21.11.4.14","legacy_column_name_of_tuple_literal","0",0,"List all names of element of large tuple literals in their column names instead of hash. This settings exists only for compatibility reasons. It makes sense to set to 'true', while doing rolling update of cluster from version lower than 21.7 to higher.",\N,\N,0,"Bool"
"21.11.4.14","query_plan_enable_optimizations","1",0,"Apply optimizations to query plan",\N,\N,0,"Bool"
"21.11.4.14","query_plan_max_optimizations_to_apply","10000",0,"Limit the total number of optimizations applied to query plan. If zero, ignored. If limit reached, throw exception",\N,\N,0,"UInt64"
"21.11.4.14","query_plan_filter_push_down","1",0,"Allow to push down filter by predicate query plan step",\N,\N,0,"Bool"
"21.11.4.14","regexp_max_matches_per_row","1000",0,"Max matches of any single regexp per row, used to safeguard 'extractAllGroupsHorizontal' against consuming too much memory with greedy RE.",\N,\N,0,"UInt64"
"21.11.4.14","limit","0",0,"Limit on read rows from the most 'end' result for select query, default 0 means no limit length",\N,\N,0,"UInt64"
"21.11.4.14","offset","0",0,"Offset on read rows from the most 'end' result for select query",\N,\N,0,"UInt64"
"21.11.4.14","function_range_max_elements_in_block","500000000",0,"Maximum number of values generated by function 'range' per block of data (sum of array sizes for every row in a block, see also 'max_block_size' and 'min_insert_block_size_rows'). It is a safety threshold.",\N,\N,0,"UInt64"
"21.11.4.14","short_circuit_function_evaluation","enable",0,"Setting for short-circuit function evaluation configuration. Possible values: 'enable' - use short-circuit function evaluation for functions that are suitable for it, 'disable' - disable short-circuit function evaluation, 'force_enable' - use short-circuit function evaluation for all functions.",\N,\N,0,"ShortCircuitFunctionEvaluation"
"21.11.4.14","local_filesystem_read_method","pread",0,"Method of reading data from local filesystem, one of: read, pread, mmap, pread_threadpool.",\N,\N,0,"String"
"21.11.4.14","remote_filesystem_read_method","read",0,"Method of reading data from remote filesystem, one of: read, threadpool.",\N,\N,0,"String"
"21.11.4.14","local_filesystem_read_prefetch","0",0,"Should use prefetching when reading data from local filesystem.",\N,\N,0,"Bool"
"21.11.4.14","remote_filesystem_read_prefetch","1",0,"Should use prefetching when reading data from remote filesystem.",\N,\N,0,"Bool"
"21.11.4.14","read_priority","0",0,"Priority to read data from local filesystem. Only supported for 'pread_threadpool' method.",\N,\N,0,"Int64"
"21.11.4.14","async_insert_threads","16",0,"Maximum number of threads to actually parse and insert data in background. Zero means asynchronous mode is disabled",\N,\N,0,"UInt64"
"21.11.4.14","async_insert","0",0,"If true, data from INSERT query is stored in queue and later flushed to table in background. Makes sense only for inserts via HTTP protocol. If wait_for_async_insert is false, INSERT query is processed almost instantly, otherwise client will wait until data will be flushed to table",\N,\N,0,"Bool"
"21.11.4.14","wait_for_async_insert","1",0,"If true wait for processing of asynchronous insertion",\N,\N,0,"Bool"
"21.11.4.14","wait_for_async_insert_timeout","120",0,"Timeout for waiting for processing asynchronous insertion",\N,\N,0,"Seconds"
"21.11.4.14","async_insert_max_data_size","100000",0,"Maximum size in bytes of unparsed data collected per query before being inserted",\N,\N,0,"UInt64"
"21.11.4.14","async_insert_busy_timeout_ms","200",0,"Maximum time to wait before dumping collected data per query since the first data appeared",\N,\N,0,"Milliseconds"
"21.11.4.14","async_insert_stale_timeout_ms","0",0,"Maximum time to wait before dumping collected data per query since the last data appeared. Zero means no timeout at all",\N,\N,0,"Milliseconds"
"21.11.4.14","remote_fs_read_max_backoff_ms","10000",0,"Max wait time when trying to read data for remote disk",\N,\N,0,"Int64"
"21.11.4.14","remote_fs_read_backoff_max_tries","5",0,"Max attempts to read with backoff",\N,\N,0,"Int64"
"21.11.4.14","force_remove_data_recursively_on_drop","0",0,"Recursively remove data on DROP query. Avoids 'Directory not empty' error, but may silently remove detached data",\N,\N,0,"Bool"
"21.11.4.14","allow_experimental_funnel_functions","0",0,"Enable experimental functions for funnel analysis.",\N,\N,0,"Bool"
"21.11.4.14","allow_experimental_nlp_functions","0",0,"Enable experimental functions for natural language processing.",\N,\N,0,"Bool"
"21.11.4.14","max_memory_usage_for_all_queries","0",0,"Obsolete setting, does nothing.",\N,\N,0,"UInt64"
"21.11.4.14","multiple_joins_rewriter_version","0",0,"Obsolete setting, does nothing.",\N,\N,0,"UInt64"
"21.11.4.14","enable_debug_queries","0",0,"Obsolete setting, does nothing.",\N,\N,0,"Bool"
"21.11.4.14","allow_experimental_database_atomic","1",0,"Obsolete setting, does nothing.",\N,\N,0,"Bool"
"21.11.4.14","allow_experimental_bigint_types","1",0,"Obsolete setting, does nothing.",\N,\N,0,"Bool"
"21.11.4.14","allow_experimental_window_functions","1",0,"Obsolete setting, does nothing.",\N,\N,0,"Bool"
"21.11.4.14","handle_kafka_error_mode","default",0,"Obsolete setting, does nothing.",\N,\N,0,"HandleKafkaErrorMode"
"21.11.4.14","database_replicated_ddl_output","1",0,"Obsolete setting, does nothing.",\N,\N,0,"Bool"
"21.11.4.14","replication_alter_columns_timeout","60",0,"Obsolete setting, does nothing.",\N,\N,0,"UInt64"
"21.11.4.14","optimize_fuse_sum_count_avg","0",0,"Obsolete, use optimize_syntax_fuse_functions",\N,\N,0,"Bool"
"21.11.4.14","odbc_max_field_size","0",0,"Obsolete setting, does nothing.",\N,\N,0,"UInt64"
"21.11.4.14","format_csv_delimiter",",",0,"The character to be considered as a delimiter in CSV data. If setting with a string, a string has to have a length of 1.",\N,\N,0,"Char"
"21.11.4.14","format_csv_allow_single_quotes","1",0,"If it is set to true, allow strings in single quotes.",\N,\N,0,"Bool"
"21.11.4.14","format_csv_allow_double_quotes","1",0,"If it is set to true, allow strings in double quotes.",\N,\N,0,"Bool"
"21.11.4.14","output_format_csv_crlf_end_of_line","0",0,"If it is set true, end of line in CSV format will be \r\n instead of \n.",\N,\N,0,"Bool"
"21.11.4.14","input_format_csv_unquoted_null_literal_as_null","0",0,"Consider unquoted NULL literal as \N",\N,\N,0,"Bool"
"21.11.4.14","input_format_csv_enum_as_number","0",0,"Treat inserted enum values in CSV formats as enum indices \N",\N,\N,0,"Bool"
"21.11.4.14","input_format_csv_arrays_as_nested_csv","0",0,"When reading Array from CSV, expect that its elements were serialized in nested CSV and then put into string. Example: ""[""""Hello"""", """"world"""", """"42"""""""" TV""""]"". Braces around array can be omitted.",\N,\N,0,"Bool"
"21.11.4.14","input_format_skip_unknown_fields","0",0,"Skip columns with unknown names from input data (it works for JSONEachRow, CSVWithNames, TSVWithNames and TSKV formats).",\N,\N,0,"Bool"
"21.11.4.14","input_format_with_names_use_header","1",0,"For TSVWithNames and CSVWithNames input formats this controls whether format parser is to assume that column data appear in the input exactly as they are specified in the header.",\N,\N,0,"Bool"
"21.11.4.14","input_format_import_nested_json","0",0,"Map nested JSON data to nested tables (it works for JSONEachRow format).",\N,\N,0,"Bool"
"21.11.4.14","input_format_defaults_for_omitted_fields","1",0,"For input data calculate default expressions for omitted fields (it works for JSONEachRow, CSV and TSV formats).",\N,\N,0,"Bool"
"21.11.4.14","input_format_tsv_empty_as_default","0",0,"Treat empty fields in TSV input as default values.",\N,\N,0,"Bool"
"21.11.4.14","input_format_tsv_enum_as_number","0",0,"Treat inserted enum values in TSV formats as enum indices \N",\N,\N,0,"Bool"
"21.11.4.14","input_format_null_as_default","1",0,"For text input formats initialize null fields with default values if data type of this field is not nullable",\N,\N,0,"Bool"
"21.11.4.14","input_format_arrow_import_nested","0",0,"Allow to insert array of structs into Nested table in Arrow input format.",\N,\N,0,"Bool"
"21.11.4.14","input_format_orc_import_nested","0",0,"Allow to insert array of structs into Nested table in ORC input format.",\N,\N,0,"Bool"
"21.11.4.14","input_format_parquet_import_nested","0",0,"Allow to insert array of structs into Nested table in Parquet input format.",\N,\N,0,"Bool"
"21.11.4.14","date_time_input_format","basic",0,"Method to read DateTime from text input formats. Possible values: 'basic' and 'best_effort'.",\N,\N,0,"DateTimeInputFormat"
"21.11.4.14","date_time_output_format","simple",0,"Method to write DateTime to text output. Possible values: 'simple', 'iso', 'unix_timestamp'.",\N,\N,0,"DateTimeOutputFormat"
"21.11.4.14","input_format_values_interpret_expressions","1",0,"For Values format: if the field could not be parsed by streaming parser, run SQL parser and try to interpret it as SQL expression.",\N,\N,0,"Bool"
"21.11.4.14","input_format_values_deduce_templates_of_expressions","1",0,"For Values format: if the field could not be parsed by streaming parser, run SQL parser, deduce template of the SQL expression, try to parse all rows using template and then interpret expression for all rows.",\N,\N,0,"Bool"
"21.11.4.14","input_format_values_accurate_types_of_literals","1",0,"For Values format: when parsing and interpreting expressions using template, check actual type of literal to avoid possible overflow and precision issues.",\N,\N,0,"Bool"
"21.11.4.14","input_format_avro_allow_missing_fields","0",0,"For Avro/AvroConfluent format: when field is not found in schema use default value instead of error",\N,\N,0,"Bool"
"21.11.4.14","format_avro_schema_registry_url","",0,"For AvroConfluent format: Confluent Schema Registry URL.",\N,\N,0,"URI"
"21.11.4.14","output_format_avro_string_column_pattern","",0,"For Avro format: regexp of String columns to select as AVRO string.",\N,\N,0,"String"
"21.11.4.14","output_format_json_quote_64bit_integers","1",0,"Controls quoting of 64-bit integers in JSON output format.",\N,\N,0,"Bool"
"21.11.4.14","output_format_json_quote_denormals","0",0,"Enables '+nan', '-nan', '+inf', '-inf' outputs in JSON output format.",\N,\N,0,"Bool"
"21.11.4.14","output_format_json_escape_forward_slashes","1",0,"Controls escaping forward slashes for string outputs in JSON output format. This is intended for compatibility with JavaScript. Don't confuse with backslashes that are always escaped.",\N,\N,0,"Bool"
"21.11.4.14","output_format_json_named_tuples_as_objects","0",0,"Serialize named tuple columns as JSON objects.",\N,\N,0,"Bool"
"21.11.4.14","output_format_json_array_of_rows","0",0,"Output a JSON array of all rows in JSONEachRow(Compact) format.",\N,\N,0,"Bool"
"21.11.4.14","output_format_pretty_max_rows","10000",0,"Rows limit for Pretty formats.",\N,\N,0,"UInt64"
"21.11.4.14","output_format_pretty_max_column_pad_width","250",0,"Maximum width to pad all values in a column in Pretty formats.",\N,\N,0,"UInt64"
"21.11.4.14","output_format_pretty_max_value_width","10000",0,"Maximum width of value to display in Pretty formats. If greater - it will be cut.",\N,\N,0,"UInt64"
"21.11.4.14","output_format_pretty_color","1",0,"Use ANSI escape sequences to paint colors in Pretty formats",\N,\N,0,"Bool"
"21.11.4.14","output_format_pretty_grid_charset","UTF-8",0,"Charset for printing grid borders. Available charsets: ASCII, UTF-8 (default one).",\N,\N,0,"String"
"21.11.4.14","output_format_parquet_row_group_size","1000000",0,"Row group size in rows.",\N,\N,0,"UInt64"
"21.11.4.14","output_format_avro_codec","",0,"Compression codec used for output. Possible values: 'null', 'deflate', 'snappy'.",\N,\N,0,"String"
"21.11.4.14","output_format_avro_sync_interval","16384",0,"Sync interval in bytes.",\N,\N,0,"UInt64"
"21.11.4.14","output_format_tsv_crlf_end_of_line","0",0,"If it is set true, end of line in TSV format will be \r\n instead of \n.",\N,\N,0,"Bool"
"21.11.4.14","output_format_csv_null_representation","\N",0,"Custom NULL representation in CSV format",\N,\N,0,"String"
"21.11.4.14","output_format_tsv_null_representation","\N",0,"Custom NULL representation in TSV format",\N,\N,0,"String"
"21.11.4.14","output_format_decimal_trailing_zeros","0",0,"Output trailing zeros when printing Decimal values. E.g. 1.230000 instead of 1.23.",\N,\N,0,"Bool"
"21.11.4.14","input_format_allow_errors_num","0",0,"Maximum absolute amount of errors while reading text formats (like CSV, TSV). In case of error, if at least absolute or relative amount of errors is lower than corresponding value, will skip until next line and continue.",\N,\N,0,"UInt64"
"21.11.4.14","input_format_allow_errors_ratio","0",0,"Maximum relative amount of errors while reading text formats (like CSV, TSV). In case of error, if at least absolute or relative amount of errors is lower than corresponding value, will skip until next line and continue.",\N,\N,0,"Float"
"21.11.4.14","format_schema","",0,"Schema identifier (used by schema-based formats)",\N,\N,0,"String"
"21.11.4.14","format_template_resultset","",0,"Path to file which contains format string for result set (for Template format)",\N,\N,0,"String"
"21.11.4.14","format_template_row","",0,"Path to file which contains format string for rows (for Template format)",\N,\N,0,"String"
"21.11.4.14","format_template_rows_between_delimiter","
",0,"Delimiter between rows (for Template format)",\N,\N,0,"String"
"21.11.4.14","format_custom_escaping_rule","Escaped",0,"Field escaping rule (for CustomSeparated format)",\N,\N,0,"String"
"21.11.4.14","format_custom_field_delimiter","	",0,"Delimiter between fields (for CustomSeparated format)",\N,\N,0,"String"
"21.11.4.14","format_custom_row_before_delimiter","",0,"Delimiter before field of the first column (for CustomSeparated format)",\N,\N,0,"String"
"21.11.4.14","format_custom_row_after_delimiter","
",0,"Delimiter after field of the last column (for CustomSeparated format)",\N,\N,0,"String"
"21.11.4.14","format_custom_row_between_delimiter","",0,"Delimiter between rows (for CustomSeparated format)",\N,\N,0,"String"
"21.11.4.14","format_custom_result_before_delimiter","",0,"Prefix before result set (for CustomSeparated format)",\N,\N,0,"String"
"21.11.4.14","format_custom_result_after_delimiter","",0,"Suffix after result set (for CustomSeparated format)",\N,\N,0,"String"
"21.11.4.14","format_regexp","",0,"Regular expression (for Regexp format)",\N,\N,0,"String"
"21.11.4.14","format_regexp_escaping_rule","Raw",0,"Field escaping rule (for Regexp format)",\N,\N,0,"String"
"21.11.4.14","format_regexp_skip_unmatched","0",0,"Skip lines unmatched by regular expression (for Regexp format",\N,\N,0,"Bool"
"21.11.4.14","output_format_enable_streaming","0",0,"Enable streaming in output formats that support it.",\N,\N,0,"Bool"
"21.11.4.14","output_format_write_statistics","1",0,"Write statistics about read rows, bytes, time elapsed in suitable output formats.",\N,\N,0,"Bool"
"21.11.4.14","output_format_pretty_row_numbers","0",0,"Add row numbers before each row for pretty output format",\N,\N,0,"Bool"
"21.11.4.14","insert_distributed_one_random_shard","0",0,"If setting is enabled, inserting into distributed table will choose a random shard to write when there is no sharding key",\N,\N,0,"Bool"
"21.11.4.14","cross_to_inner_join_rewrite","1",0,"Use inner join instead of comma/cross join if possible",\N,\N,0,"Bool"
"21.11.4.14","output_format_arrow_low_cardinality_as_dictionary","0",0,"Enable output LowCardinality type as Dictionary Arrow type",\N,\N,0,"Bool"
"21.11.4.14","format_capn_proto_enum_comparising_mode","by_values",0,"How to map ClickHouse Enum and CapnProto Enum",\N,\N,0,"EnumComparingMode"
